"","FirstDate","gdpg","gap1","gap2","unrate","lshr","xli","xli2","fac","rate","yield","quarter","group"
"1",1952-04-01,0.00214070506745593,62.5887809268789,2728.06170791977,2.9,112.163,NA,NA,NA,NA,NA,1952 Q2,1952
"2",1952-07-01,0.00718642092533872,62.6226570601379,2760.01995793316,3.2,112.843,NA,NA,NA,1.765,1.839,1952 Q3,1952
"3",1952-10-01,0.0323117626350774,62.7364474393937,2803.83194581572,3,112.535,NA,NA,NA,1.522,1.988,1952 Q4,1952
"4",1953-01-01,0.0184197104588184,63.2493507991184,2850.32389568199,2.9,112.744,NA,NA,NA,1.954,1.998,1953 Q1,1953
"5",1953-04-01,0.00770118473997086,63.5426720117491,2892.91846771737,2.7,113.05,NA,NA,NA,1.989,2.074,1953 Q2,1953
"6",1953-07-01,-0.00564104051168291,63.6655092406251,2924.16174944334,2.6,113.344,NA,NA,NA,1.674,2.421,1953 Q3,1953
"7",1953-10-01,-0.0152529238738423,63.5755205822498,2939.79510664195,3.1,114.724,NA,NA,NA,1.395,2.024,1953 Q4,1953
"8",1954-01-01,-0.00478714498995375,63.3325171174047,2947.76135300191,4.9,115.071,NA,NA,NA,1.294,1.574,1954 Q1,1954
"9",1954-04-01,0.00109352839220297,63.2563461783785,2952.48562240496,5.9,114.24,NA,NA,NA,0.984,1.058,1954 Q2,1954
"10",1954-07-01,0.0112335607433122,63.2737418806237,2960.40870497817,5.8,113.252,NA,NA,NA,0.598,0.732,1954 Q3,1954
"11",1954-10-01,0.019380618135119,63.4525823276433,2976.27581755885,5.7,112.591,NA,NA,NA,0.882,0.939,1954 Q4,1954
"12",1955-01-01,0.0281655613591675,63.7617188165649,3004.91597558022,4.9,110.692,NA,NA,NA,0.964,1.139,1955 Q1,1955
"13",1955-04-01,0.0161444244585288,64.212321399439,3038.02920966197,4.7,110.882,NA,NA,NA,1.329,1.558,1955 Q2,1955
"14",1955-07-01,0.013417791066362,64.4713209542846,3073.5328591834,4,111.309,NA,NA,NA,1.329,1.839,1955 Q3,1955
"15",1955-10-01,0.0059886932808544,64.6869747091519,3106.50910309133,4.3,111.626,NA,NA,NA,2.131,1.998,1955 Q4,1955
"16",1956-01-01,-0.00388797526893081,64.7833425535387,3130.95699969841,4,113.688,NA,NA,NA,2.446,2.653,1956 Q1,1956
"17",1956-04-01,0.00823178729922624,64.7207705213753,3155.37890631812,4,114.618,NA,NA,NA,2.157,2.519,1956 Q2,1956
"18",1956-07-01,-0.000897436447268075,64.8532864577309,3174.07238959108,4.4,114.925,NA,NA,NA,2.232,2.55,1956 Q3,1956
"19",1956-10-01,0.0163251299354378,64.8388328756151,3198.64604962415,3.9,114.944,NA,NA,NA,2.711,3.181,1956 Q4,1956
"20",1957-01-01,0.00638226864536564,65.1020076489709,3222.254567144,4.2,113.946,NA,NA,NA,3.041,3.444,1957 Q1,1957
"21",1957-04-01,-0.00219380703071216,65.2050400919434,3239.50658156298,3.9,114.836,NA,NA,NA,2.883,3.379,1957 Q2,1957
"22",1957-07-01,0.00975151736166654,65.1696150800943,3258.85079842761,4.2,114.151,NA,NA,NA,3.072,3.581,1957 Q3,1957
"23",1957-10-01,-0.0103992690370806,65.3271536853341,3267.11499218968,4.5,115.018,NA,NA,NA,3.046,4.037,1957 Q4,1957
"24",1958-01-01,-0.0263019188296856,65.1591571991225,3255.62338790662,5.8,116.215,NA,NA,NA,2.69,2.686,1958 Q1,1958
"25",1958-04-01,0.00654750669789374,64.735224383019,3247.53480682683,7.4,114.877,NA,NA,NA,0.989,1.496,1958 Q2,1958
"26",1958-07-01,0.0228676416853085,64.8406273775392,3253.26816545963,7.5,114.778,NA,NA,NA,0.685,1.1,1958 Q3,1958
"27",1958-10-01,0.0231131219937132,65.2094276302555,3272.04495633701,6.7,112.823,NA,NA,NA,1.735,2.98,1958 Q4,1958
"28",1959-01-01,0.0190023698055778,65.5832496509954,3300.09102563435,6,113.264,NA,NA,NA,2.487,2.954,1959 Q1,1959
"29",1959-04-01,0.0222841884606228,65.8913863699476,3338.82560950324,5.2,112.88,2.9,NA,0.82673564,2.36,3.545,1959 Q2,1959
"30",1959-07-01,0.000697024288747565,66.2536601115372,3372.2561054719,5.1,112.922,2.9,NA,0.063105074,2.664,4.083,1959 Q3,1959
"31",1959-10-01,0.00284575386785779,66.2650076441597,3402.23395566164,5.7,113.791,2.9,NA,-0.1422055,3.58,4.79,1959 Q4,1959
"32",1960-01-01,0.0222371835003522,66.3113465059239,3442.55298389975,5.2,113.459,2.9,NA,0.72083744,4.063,4.86,1960 Q1,1960
"33",1960-04-01,-0.00539811645960679,66.6740036812627,3472.65600165608,5.2,115.752,0.3,NA,0.24027671,2.538,3.623,1960 Q2,1960
"34",1960-07-01,0.00488734982363209,66.5858770976713,3500.73094028172,5.5,115.293,-2.7,NA,-0.23755341,1.725,3.169,1960 Q3,1960
"35",1960-10-01,-0.0129143438243209,66.665662698946,3514.45620437372,6.1,116.958,-0.8,NA,-0.17727849,2.446,2.847,1960 Q4,1960
"36",1961-01-01,0.00672749921338168,66.454940715632,3529.13934455516,6.6,116.378,1.2,0.31,-0.019195389,2.08,2.635,1961 Q1,1961
"37",1961-04-01,0.0168360222827262,66.5646709873009,3551.98222721205,7,114.767,3.1,0.18,0.3894376,2.106,2.896,1961 Q2,1961
"38",1961-07-01,0.0190215948771549,66.8396751376727,3583.95121980196,7,113.61,6.1,0.18,0.35227479,2.091,2.998,1961 Q3,1961
"39",1961-10-01,0.019426768536791,67.1510610921388,3624.58933323775,6.5,113.426,6.1,0.21,0.64007809,2.06,2.977,1961 Q4,1961
"40",1962-01-01,0.0176794258440586,67.4698267189782,3671.79874009421,5.8,112.867,6.3,0.23,0.017142597,2.517,3.109,1962 Q1,1962
"41",1962-04-01,0.00900686009216271,67.7605769549607,3718.28945168178,5.6,113.674,4.9,0.16,0.46061833,2.68,2.887,1962 Q2,1962
"42",1962-07-01,0.0122206889182955,67.9089412819977,3766.45847565644,5.4,112.467,2.9,0.16,0.29881783,2.924,3.071,1962 Q3,1962
"43",1962-10-01,0.00328860532343318,68.1105044000861,3809.11943778643,5.4,112.731,4.2,0.16,0.10545559,2.716,2.963,1962 Q4,1962
"44",1963-01-01,0.0108617018229624,68.1647963349325,3852.60563890359,5.7,112.912,5.2,0.13,0.19977163,2.954,2.978,1963 Q1,1963
"45",1963-04-01,0.0111616200398535,68.3442670212878,3897.04862683419,5.7,112.579,6.7,0.12,0.62443536,2.853,3.027,1963 Q2,1963
"46",1963-07-01,0.0217500532777354,68.5289391492511,3950.83798139629,5.6,111.035,4.8,0.17,0.2283507,2.985,3.126,1963 Q3,1963
"47",1963-10-01,0.00653763050400838,68.8895156997385,4000.76252945559,5.5,111.689,4.4,0.09,0.48752555,3.432,3.697,1963 Q4,1963
"48",1964-01-01,0.0208678791743047,68.99808272525,4058.90699760034,5.6,110.362,5.1,0.16,0.34343366,3.483,3.829,1964 Q1,1964
"49",1964-04-01,0.0108318073724414,69.3451966232606,4116.13634173961,5.3,110.656,3.5,0.17,0.58148736,3.528,3.91,1964 Q2,1964
"50",1964-07-01,0.0155051874978602,69.5257150240667,4176.43029302398,4.9,110.434,5.5,0.13,0.57910564,3.411,3.78,1964 Q3,1964
"51",1964-10-01,0.00308714073952528,69.7845263961907,4228.81806516509,5.1,111.958,4.9,0.26,-0.10068004,3.523,3.897,1964 Q4,1964
"52",1965-01-01,0.0239109229581266,69.836114104122,4292.04515778186,4.9,110.468,5,0.16,0.4417973,3.427,4.05,1965 Q1,1965
"53",1965-04-01,0.0125555563704387,70.2363234608129,4355.21129287603,4.8,110.534,5.4,0.21,0.45671462,3.788,4.14,1965 Q2,1965
"54",1965-07-01,0.0219880851718078,70.4469300914591,4426.79027672867,4.4,109.029,5.2,0.17,0.59891476,3.783,3.976,1965 Q3,1965
"55",1965-10-01,0.0227776261537147,70.8165173044747,4506.85900318029,4.2,108.366,6.9,0.12,0.52540609,3.986,4.346,1965 Q4,1965
"56",1966-01-01,0.0240468950027112,71.2003951910798,4595.93489905414,4,108.456,8.2,0.15,0.52984968,4.266,4.886,1966 Q1,1966
"57",1966-04-01,0.00340888779331628,71.6067904151046,4673.42560077425,3.8,109.803,5.8,0.24,0.31715009,4.418,4.93,1966 Q2,1966
"58",1966-07-01,0.00843267058825756,71.6644945950308,4745.10700612416,3.8,110.184,-0.1,0.32,0.23854742,4.52,5.106,1966 Q3,1966
"59",1966-10-01,0.0081705641351856,71.8073390557975,4811.25516970629,3.7,109.71,2.3,0.39,0.2062513,5.157,6,1966 Q4,1966
"60",1967-01-01,0.00881893179998406,71.9458792458018,4873.07703864947,3.9,109.782,1.7,0.16,0.25913855,4.47,5.013,1967 Q1,1967
"61",1967-04-01,0.000613326570662234,72.0955629954312,4923.03731174437,3.8,110.529,0.1,0.2,0.075225392,4.062,4.14,1967 Q2,1967
"62",1967-07-01,0.00941628754776244,72.1059787737737,4971.11232199175,3.8,110.503,5.7,0.12,0.090833083,3.707,5.061,1967 Q3,1967
"63",1967-10-01,0.00751026047667014,72.2659847024652,5015.82711799303,4,110.627,6.4,0.13,0.18720774,4.154,5.358,1967 Q4,1967
"64",1968-01-01,0.0201875633819473,72.3937296572445,5070.51885649345,3.7,109.969,6.2,0.26,-0.15648813,4.343,5.944,1968 Q1,1968
"65",1968-04-01,0.0165657570686277,72.7376669618597,5130.89499151603,3.5,109.527,4.8,0.17,0.26521933,4.852,5.686,1968 Q2,1968
"66",1968-07-01,0.00771534563874355,73.0205080782415,5187.39863602727,3.7,110.56,1.8,0.16,0.091354599,5.285,5.9,1968 Q3,1968
"67",1968-10-01,0.00392004755424347,73.1524260066263,5236.52821706443,3.4,111.49,5.1,0.1,0.27742368,5.162,5.373,1968 Q4,1968
"68",1969-01-01,0.015523196020344,73.2194970729996,5291.35975577474,3.4,110.805,5.2,0.15,0.2438964,6.099,6.487,1969 Q1,1969
"69",1969-04-01,0.00302894756513721,73.4853970270073,5338.23548340601,3.4,112.265,1.8,0.16,-0.013381446,5.361,6.489,1969 Q2,1969
"70",1969-07-01,0.00657784203514927,73.5373366739368,5381.86138964938,3.5,113.027,-2.1,0.28,0.092920198,6.481,7.355,1969 Q3,1969
"71",1969-10-01,-0.0048940468378253,73.6501950812214,5410.45813368714,3.7,114.609,-1.6,0.24,-0.045289253,6.945,7.799,1969 Q4,1969
"72",1970-01-01,-0.00149002667538567,73.5662179146178,5429.4566178472,3.9,115.082,-3,0.49,-0.67932645,6.787,8.024,1970 Q1,1970
"73",1970-04-01,0.00141618089247388,73.5406599932939,5443.27225878964,4.6,113.539,-1.8,0.26,-0.46197704,6.415,6.606,1970 Q2,1970
"74",1970-07-01,0.00917247775988077,73.5649511584138,5461.10683120349,5,113.02,-2.5,0.25,-0.12198694,5.93,7.187,1970 Q3,1970
"75",1970-10-01,-0.0107735586615982,73.7223799999518,5461.52627065296,5.5,113.538,2.4,0.14,-0.94669867,5.819,6.59,1970 Q4,1970
"76",1971-01-01,0.0267991651846544,73.5374887759494,5487.11314153782,5.9,111.383,3.5,0.07,0.15125275,4.439,4.883,1971 Q1,1971
"77",1971-04-01,0.00539359526214242,73.9978341047532,5512.5005610045,5.9,111.345,5.4,0.07,0.25742431,3.406,3.756,1971 Q2,1971
"78",1971-07-01,0.00819083161848571,74.0906567592201,5540.94237919011,6,110.783,6.3,0.04,0.1062416,5.019,6.056,1971 Q3,1971
"79",1971-10-01,0.00234589265219488,74.2317305382791,5565.76800307481,5.8,112.095,4.6,0.06,0.24937804,4.531,5.268,1971 Q4,1971
"80",1972-01-01,0.0182054300237368,74.2721594493237,5605.21816426401,5.8,112.076,8.3,0.03,0.72184893,3.351,4.179,1972 Q1,1972
"81",1972-04-01,0.0224392220093791,74.5862844012217,5663.00480543077,5.7,110.759,5.9,0.05,0.61627916,3.483,4.934,1972 Q2,1972
"82",1972-07-01,0.0093966095736263,74.9743732023664,5722.28765599664,5.6,110.912,7.1,0.04,0.1750777,3.625,5.248,1972 Q3,1972
"83",1972-10-01,0.0166057172280141,75.1371877424986,5791.27744563331,5.6,111.369,9.8,0.04,0.81917265,4.429,5.644,1972 Q4,1972
"84",1973-01-01,0.0244481117840047,75.4253458839405,5878.48050935925,4.9,111.132,9.1,0.06,0.42735177,4.867,5.525,1973 Q1,1973
"85",1973-04-01,0.0108285929301381,75.8505963760193,5965.44848781251,5,111.403,3.2,0.15,0.20307666,5.875,6.93,1973 Q2,1973
"86",1973-07-01,-0.00527225724354157,76.0393309343371,6032.07098203824,4.8,112.949,-0.9,0.14,0.085055874,7.436,7.556,1973 Q3,1973
"87",1973-10-01,0.0094475395311839,75.9474100018495,6098.27640275906,4.6,113.289,-1.8,0.39,0.082599271,7.335,7.66,1973 Q4,1973
"88",1974-01-01,-0.00863422048112655,76.1121657361614,6141.75900681813,5.1,113.582,0.2,0.41,-0.57640953,7.364,7.124,1974 Q1,1974
"89",1974-04-01,0.00237414958209743,75.9615864583443,6178.43283878363,5.1,112.758,-1.2,0.35,-0.29824332,8.5,8.115,1974 Q2,1974
"90",1974-07-01,-0.00949773487363987,76.0029763447298,6194.67423864099,5.5,113.766,-8.7,0.47,-0.64310585,7.681,8.608,1974 Q3,1974
"91",1974-10-01,-0.00389162026282198,75.8374646430792,6199.79747624633,6,112.443,-9,0.52,-0.86455931,6.17,7.892,1974 Q4,1974
"92",1975-01-01,-0.0122510822991365,75.7696996645077,6185.38147914837,8.1,111.316,-5.8,0.48,-1.555491,6.537,6.875,1975 Q1,1975
"93",1975-04-01,0.00712159304551527,75.5565687203419,6177.29117364464,8.8,110.219,-0.3,0.21,-0.36756657,5.274,6.19,1975 Q2,1975
"94",1975-07-01,0.0169755428584668,75.6804258848776,6187.4520711518,8.6,109.146,5.8,0.17,-0.12561728,5.651,6.701,1975 Q3,1975
"95",1975-10-01,0.0133810026840012,75.9760698179529,6210.15884574621,8.4,109.248,5.6,0.24,0.026815515,6.292,7.531,1975 Q4,1975
"96",1976-01-01,0.0222454023026545,76.2095178895585,6255.63993668726,7.9,108.487,6.5,0.2,0.39320287,5.172,5.974,1976 Q1,1976
"97",1976-04-01,0.00730697926256641,76.5984088534457,6302.82070733882,7.7,108.309,6.6,0.27,0.23496664,4.756,5.993,1976 Q2,1976
"98",1976-07-01,0.00545914754854837,76.7263643658567,6349.03468757755,7.8,108.807,6.7,0.22,0.12740472,5.296,6.342,1976 Q3,1976
"99",1976-10-01,0.00720005300857215,76.822031431004,6396.51094986241,7.7,108.803,7,0.14,-0.093052934,5.082,5.722,1976 Q4,1976
"100",1977-01-01,0.0117925255230145,76.9482975776072,6451.03526266758,7.5,108.63,6.4,0.19,-0.0089846291,4.257,4.768,1977 Q1,1977
"101",1977-04-01,0.0192330879036164,77.1553251305948,6521.76123992799,7.2,108.625,8.6,0.09,0.38765338,4.541,5.352,1977 Q2,1977
"102",1977-07-01,0.017871007745394,77.4935746373414,6605.33396066637,6.9,108.171,6.5,0.1,0.20592485,4.949,5.609,1977 Q3,1977
"103",1977-10-01,1.99275978711132e-05,77.8085325269444,6675.95311904681,6.8,109.557,6.2,0.08,0.12046186,5.815,6.479,1977 Q4,1977
"104",1978-01-01,0.00319331732641077,77.8088840866153,6738.95968384157,6.4,111.097,5.3,0.13,-0.16949581,5.754,6.835,1978 Q1,1978
"105",1978-04-01,0.0379196044225287,77.8652303693441,6843.28881477466,6.1,108.844,6.8,0.06,0.75720201,6.497,7.164,1978 Q2,1978
"106",1978-07-01,0.0100072475974094,78.5358831322823,6945.75256193269,6.2,108.792,3.5,0.12,0.018558339,6.56,8.194,1978 Q3,1978
"107",1978-10-01,0.0133517219428579,78.7133526812751,7051.00343813295,5.8,108.605,3.1,0.09,0.11154746,8.019,8.553,1978 Q4,1978
"108",1979-01-01,0.00179432736928415,78.9504453616992,7141.65430813116,5.9,110.616,0.3,0.35,-0.2481786,8.428,10.142,1979 Q1,1979
"109",1979-04-01,0.00106688355954025,78.9823352367821,7217.84413715548,5.8,110.279,3.9,0.22,-0.64349096,9.642,9.578,1979 Q2,1979
"110",1979-07-01,0.0074005947959879,79.0012995915315,7290.1884753444,5.7,110.551,1.8,0.24,-0.52259242,8.99,9.107,1979 Q3,1979
"111",1979-10-01,0.00249733076700601,79.1329112931129,7351.91025719281,6,111.315,-3.7,0.19,-0.37280764,10.279,10.581,1979 Q4,1979
"112",1980-01-01,0.00314077414043076,79.1773483811498,7405.12452325214,6.3,111.065,-3.7,0.24,-0.69587029,9.344,11.156,1980 Q1,1980
"113",1980-04-01,-0.0208195798315736,79.2332525014993,7415.90768084103,6.9,112.081,-6,0.59,-1.6979751,15.051,14.88,1980 Q2,1980
"114",1980-07-01,-0.00118925438062412,78.863043045313,7417.77102275997,7.8,112.69,2.2,0.15,-0.77595721,6.201,8.214,1980 Q3,1980
"115",1980-10-01,0.0184774684859222,78.8419221443507,7440.84604421364,7.5,112.081,0.7,0.13,-0.18080616,10.795,11.751,1980 Q4,1980
"116",1981-01-01,0.0194047266803593,79.1703974366029,7485.24406578271,7.5,109.746,-0.9,0.38,-0.84699807,12.528,12.811,1981 Q1,1981
"117",1981-04-01,-0.00743835315034435,79.5160917584144,7509.06550278183,7.2,110.851,-1.3,0.32,-0.60329968,13.017,12.603,1981 Q2,1981
"118",1981-07-01,0.011903887506921,79.3834888257894,7543.53649747172,7.2,109.962,-5.2,0.48,-0.75202917,14.411,13.906,1981 Q3,1981
"119",1981-10-01,-0.0109557631202328,79.5957516430163,7553.57837451217,7.9,110.933,-3.6,0.58,-0.9914177,13.997,15.433,1981 Q4,1981
"120",1982-01-01,-0.0156584018269083,79.400384810612,7535.32262282265,8.6,112.976,-2.3,0.54,-1.3036246,9.636,12.9,1982 Q1,1982
"121",1982-04-01,0.00455139794138199,79.1215756871576,7522.04508298339,9.3,112.377,-2.5,0.4,-1.1749592,13.421,13.657,1982 Q2,1982
"122",1982-07-01,-0.00382999342805677,79.2025660535334,7501.49456786697,9.8,112.539,-0.2,0.44,-1.1192515,11.779,13.963,1982 Q3,1982
"123",1982-10-01,0.000400007865809927,79.134410038536,7481.16745027947,10.4,111.987,1.3,0.41,-1.0375643,7.019,10.203,1982 Q4,1982
"124",1983-01-01,0.0130918308749907,79.1415269403744,7480.2561000129,10.4,111.202,6.9,0.11,-0.0072535155,8.06,8.491,1983 Q1,1983
"125",1983-04-01,0.0225001645449148,79.374632180869,7511.50670634178,10.2,109.368,7.9,0.16,-0.0065674202,8.572,9.119,1983 Q2,1983
"126",1983-07-01,0.0197923783068282,79.7760573591284,7568.10494147181,9.4,107.875,8.5,0.11,0.33620195,8.695,9.399,1983 Q3,1983
"127",1983-10-01,0.0206471982740039,80.130010024097,7649.04084446127,8.8,107.947,7,0.14,0.15993538,8.755,9.649,1983 Q4,1983
"128",1984-01-01,0.0193592971005692,80.5000846387873,7749.82119208442,8,108.463,8.6,0.11,0.36210518,8.643,9.803,1984 Q1,1984
"129",1984-04-01,0.0171300551005953,80.8478497702113,7864.60238496432,7.7,108.014,6.3,0.13,0.12460388,9.553,10.638,1984 Q2,1984
"130",1984-07-01,0.0095939311809877,81.1561944711534,7979.07488220334,7.5,108.199,3.1,0.23,-0.053477255,9.358,11.919,1984 Q3,1984
"131",1984-10-01,0.00817422921914224,81.3291436978483,8090.28474661013,7.4,108.391,2.6,0.21,-0.20536157,10.433,11.047,1984 Q4,1984
"132",1985-01-01,0.00964314731614686,81.4766452827453,8200.4990755768,7.3,108.214,6.7,0.12,-0.10371296,7.598,9.018,1985 Q1,1985
"133",1985-04-01,0.00876620007486079,81.650824882356,8307.92153198624,7.3,108.25,5.6,0.11,-0.19524976,8.091,9.535,1985 Q2,1985
"134",1985-07-01,0.0151572603738279,81.8093259795981,8423.48826770934,7.4,107.682,5.6,0.1,-0.25656443,6.631,7.679,1985 Q3,1985
"135",1985-10-01,0.00740699182869154,82.0837460393517,8532.74643546356,7.1,109.037,4.9,0.09,-0.29997396,7.068,8.023,1985 Q4,1985
"136",1986-01-01,0.00929415155361375,82.2180157142097,8639.35253050669,6.7,108.741,4.8,0.06,0.05944443,5.905,7.479,1986 Q1,1986
"137",1986-04-01,0.00449285554507605,82.3866499548371,8734.9332020162,7.1,109.057,4.4,0.06,0.24219875,6.272,6.791,1986 Q2,1986
"138",1986-07-01,0.00952120945350197,82.4682308271351,8829.40465070924,7,109.796,2.6,0.09,0.045713991,5.885,6.418,1986 Q3,1986
"139",1986-10-01,0.00534959416711716,82.6412495343415,8915.4396984271,7,111.068,2.4,0.12,0.091250137,5.111,5.823,1986 Q4,1986
"140",1987-01-01,0.00739106799354032,82.7385415128374,8997.59773965421,6.6,111.43,3.2,0.15,-0.29319196,5.113,6.06,1987 Q1,1987
"141",1987-04-01,0.0107240675207461,82.8730555267196,9082.4591265836,6.3,110.877,0.7,0.11,0.074653551,5.202,6.182,1987 Q2,1987
"142",1987-07-01,0.00863439633307582,83.068422856062,9166.1162593195,6.1,111.121,1.9,0.15,0.19210672,4.927,6.823,1987 Q3,1987
"143",1987-10-01,0.0170238373325574,83.2258884317134,9264.4530574648,6,110.991,-0.2,0.18,0.36212928,6.5,7.882,1987 Q4,1987
"144",1988-01-01,0.00515551288075297,83.536789131648,9353.95529616352,5.7,111.764,0.3,0.3,-0.036487163,3.687,7.242,1988 Q1,1988
"145",1988-04-01,0.0130547376755251,83.6310569009081,9450.49697849262,5.4,111.811,2.6,0.15,0.081680291,5.734,6.849,1988 Q2,1988
"146",1988-07-01,0.00584259520477572,83.8699985247087,9539.72624349892,5.4,111.587,1.2,0.21,0.04150433,6.54,7.509,1988 Q3,1988
"147",1988-10-01,0.0132365693740343,83.9770462943992,9636.71541628565,5.4,110.881,2.7,0.13,0.058215972,7.09,7.974,1988 Q4,1988
"148",1989-01-01,0.010112643926212,84.2198186729081,9734.79161352475,5.4,110.566,2.5,0.13,0.10047925,6.611,8.896,1989 Q1,1989
"149",1989-04-01,0.00760202780034666,84.405531148585,9828.97866414607,5.2,109.322,1.5,0.2,-0.21510135,8.775,9.621,1989 Q2,1989
"150",1989-07-01,0.00738005651708882,84.5452723732356,9919.29050960365,5.2,109.012,1.3,0.28,-0.47679186,8.254,8.118,1989 Q3,1989
"151",1989-10-01,0.00196787302096089,84.6810438684981,9995.40702366159,5.3,109.994,2.1,0.13,-0.38055595,7.754,8.309,1989 Q4,1989
"152",1990-01-01,0.0108695324620922,84.7172653827962,10076.7760442612,5.4,110.029,6.5,0.05,-0.33670683,6.264,7.757,1990 Q1,1990
"153",1990-04-01,0.00362312883683897,84.9174741928138,10148.4831337316,5.4,110.315,-0.3,0.37,-0.3939778,7.999,8.287,1990 Q2,1990
"154",1990-07-01,0.000665595235618018,84.9842620754918,10205.7108285303,5.5,110.475,2,0.24,-0.40179319,7.641,7.947,1990 Q3,1990
"155",1990-10-01,-0.00914574064807198,84.9965343520041,10230.4633021645,5.9,111.457,-0.3,0.35,-0.78924614,7.019,7.584,1990 Q4,1990
"156",1991-01-01,-0.00469038914850725,84.8279823095166,10235.6873953896,6.4,110.748,-1.1,0.49,-0.82317754,5.447,6.918,1991 Q1,1991
"157",1991-04-01,0.00776665189406222,84.741605364025,10249.0826082591,6.7,110.486,0.2,0.31,-0.35947831,5.887,6.352,1991 Q2,1991
"158",1991-07-01,0.00504086035340601,84.8846578294105,10265.0484340902,6.8,110.134,2.4,0.24,-0.32308979,5.183,6.313,1991 Q3,1991
"159",1991-10-01,0.00347938834810761,84.9775690262746,10280.7265451511,7,110.7,2.1,0.25,-0.3192312,4.989,5.371,1991 Q4,1991
"160",1992-01-01,0.0119014184214265,85.0417294176938,10313.8517591262,7.3,111.144,4.8,0.22,-0.17471865,3.717,4.171,1992 Q1,1992
"161",1992-04-01,0.0107846685927113,85.2613762354179,10360.8635527568,7.4,110.781,2.9,0.21,0.038935958,4.011,4.609,1992 Q2,1992
"162",1992-07-01,0.00983260299874445,85.4606575207754,10418.6522074534,7.7,110.515,3.6,0.2,-0.022533885,3.513,4.063,1992 Q3,1992
"163",1992-10-01,0.0103745537233155,85.6425490671641,10487.4000067401,7.3,109.614,4,0.22,-0.0010072203,2.69,3.105,1992 Q4,1992
"164",1993-01-01,0.00166804526206002,85.8346757023237,10547.4878115574,7.3,108.989,3.5,0.2,0.048754548,2.924,3.651,1993 Q1,1993
"165",1993-04-01,0.00580482877342446,85.8655863643082,10608.5167582355,7.1,109.826,2.6,0.24,0.074908689,2.863,3.352,1993 Q2,1993
"166",1993-07-01,0.00476020047476225,85.9731994260765,10668.1416193719,6.9,109.073,3.8,0.19,0.016693559,2.863,3.5,1993 Q3,1993
"167",1993-10-01,0.0135098230200758,86.0614968939579,10745.4228456329,6.8,108.844,4.4,0.14,0.12080212,2.782,3.373,1993 Q4,1993
"168",1994-01-01,0.00965685203258748,86.3123388713041,10830.268782172,6.6,107.531,4.8,0.18,0.14226482,2.944,3.636,1994 Q1,1994
"169",1994-04-01,0.0134608215753366,86.4918650008718,10930.2628465457,6.4,107.839,4.5,0.12,0.29430613,3.392,4.477,1994 Q2,1994
"170",1994-07-01,0.00582882489940704,86.7424201752786,11026.7131309715,6.1,107.747,2.6,0.17,0.19828088,3.524,5.427,1994 Q3,1994
"171",1994-10-01,0.011390581866788,86.8510283840442,11132.2464308731,5.8,106.904,3.3,0.15,0.34196538,4.491,5.88,1994 Q4,1994
"172",1995-01-01,0.00354152646081226,87.0634646769455,11227.9416321534,5.6,107.018,2.1,0.18,0.22047816,4.735,7.142,1995 Q1,1995
"173",1995-04-01,0.00297878746509065,87.1295676314132,11313.2740260121,5.8,106.946,3.1,0.21,-0.12363841,5.774,6.349,1995 Q2,1995
"174",1995-07-01,0.00847127226070515,87.1851864274631,11401.7681095805,5.7,107.188,3.7,0.17,-0.12498966,5.326,5.552,1995 Q3,1995
"175",1995-10-01,0.00676786674693103,87.3434558246101,11489.1938565583,5.5,107.205,1.9,0.14,-0.192254,5.357,5.648,1995 Q4,1995
"176",1996-01-01,0.007462586730999,87.4700035088382,11577.272984033,5.6,107.36,4.5,0.16,-0.34149853,4.582,5.086,1996 Q1,1996
"177",1996-04-01,0.016541866808908,87.609647480097,11687.3697453556,5.6,106.893,3.3,0.11,0.13577023,5.194,5.418,1996 Q2,1996
"178",1996-07-01,0.00893034293271296,87.9195849440285,11799.328998934,5.5,106.943,3.5,0.1,0.0018787634,4.817,5.644,1996 Q3,1996
"179",1996-10-01,0.0103301550493692,88.0871362091411,11916.2099771031,5.2,106.916,3.9,0.13,-0.0054157699,4.989,5.664,1996 Q4,1996
"180",1997-01-01,0.00643369133807591,88.2811497399221,12027.9496962716,5.3,107.74,3.9,0.13,0.1643005,4.874,5.456,1997 Q1,1997
"181",1997-04-01,0.0165150510026746,88.4020905495195,12159.6977140153,5.1,106.789,2,0.13,0.2033459,5.223,5.911,1997 Q2,1997
"182",1997-07-01,0.0124083863193777,88.7129201962167,12299.3872908283,4.9,106.602,4.7,0.1,0.28925721,5.045,5.608,1997 Q3,1997
"183",1997-10-01,0.00850235504937171,88.946817231978,12436.2537494635,4.7,107.75,3.5,0.09,0.30415538,4.749,5.563,1997 Q4,1997
"184",1998-01-01,0.0099874898863502,89.1072636982301,12574.1475619152,4.6,108.869,4.2,0.09,0.26285644,5.108,5.411,1998 Q1,1998
"185",1998-04-01,0.00921429648192226,89.2959205533324,12710.8675346218,4.3,109.588,3.9,0.11,0.1984901,5.23,5.315,1998 Q2,1998
"186",1998-07-01,0.012510815076936,89.4701492446412,12855.0092056379,4.5,109.554,2.1,0.11,-0.046670026,4.703,5.337,1998 Q3,1998
"187",1998-10-01,0.0159638624905252,89.7069820161458,13014.9975946796,4.5,109.387,4.9,0.06,0.11512364,4.028,4.569,1998 Q4,1998
"188",1999-01-01,0.00935048512744718,90.009636380661,13171.7027894697,4.3,109.746,3.9,0.06,0.20129016,4.394,4.438,1999 Q1,1999
"189",1999-04-01,0.00831278184956954,90.187146291244,13322.4882609254,4.3,109.469,2.1,0.14,0.013683316,4.558,4.665,1999 Q2,1999
"190",1999-07-01,0.0131717032857808,90.3451032402888,13481.0668961066,4.3,109.069,3.4,0.1,0.26534234,4.438,5.178,1999 Q3,1999
"191",1999-10-01,0.0162735356710667,90.5956709219416,13655.3726988281,4.1,109.112,3.4,0.08,0.365587,4.501,5.372,1999 Q4,1999
"192",2000-01-01,0.00362136900805158,90.9057244973338,13808.6399675485,4,112.671,4.3,0.07,0.28693509,5.102,5.893,2000 Q1,2000
"193",2000-04-01,0.0180490103449794,90.9747931304511,13983.4150066947,3.8,110.318,2.7,0.12,0.3017074,5.856,6.299,2000 Q2,2000
"194",2000-07-01,0.00101880670371826,91.3194243715523,14129.3235338415,4,111.867,3.9,0.1,-0.044645352,5.629,6.394,2000 Q3,2000
"195",2000-10-01,0.00595263578488895,91.3388970872125,14263.264161636,3.9,110.994,3.6,0.11,-0.044773925,5.92,6.191,2000 Q4,2000
"196",2001-01-01,-0.00328337244914248,91.452712850843,14360.2384155542,4.2,113.468,4.6,0.09,-0.42364309,5.769,5.428,2001 Q1,2001
"197",2001-04-01,0.00622560991477131,91.3899252511823,14451.5688352003,4.4,111.536,3,0.17,-0.32096154,4.432,4.154,2001 Q2,2001
"198",2001-07-01,-0.00401443904181734,91.508995277898,14509.0942429439,4.6,110.92,1.1,0.17,0.027982719,3.415,3.878,2001 Q3,2001
"199",2001-10-01,0.00274398630235728,91.4322068775938,14556.3312177616,5.3,110.343,0.4,0.16,NA,2.378,2.515,2001 Q4,2001
